	manure.pig.mean	manure.beef.mean	manure.mean	soil.pig.mean	soil.beef.mean	soil.mean	pig.mean	beef.mean	combined.mean	manure_soil.mean.diff	pig_beef.mean.diff
gb|L42544|+|0-1956|ARO:3000193|tetT	5183.666667	1795	6978.666667	0.3333333333	1.333333333	1.666666667	5184	1796.333333	6980.333333	6977	3387.666667
gb|AM180355|+|600033-601953|ARO:3000186|tetM	4040.333333	1914	5954.333333	0	0.6666666667	0.6666666667	4040.333333	1914.666667	5955	5953.666667	2125.666667
gb|Z21523|+|0-1974|ARO:3000191|tetQ	3142.333333	1167.333333	4309.666667	0.3333333333	0	0.3333333333	3142.666667	1167.333333	4310	4309.333333	1975.333333
gb|AJ514254|+|0-1923|ARO:3000197|tet36	3100.666667	2379.666667	5480.333333	0	0.3333333333	0.3333333333	3100.666667	2380	5480.666667	5480	720.6666667
gb|FN594949|+|25244-27167|ARO:3000556|tet44	2635.333333	279.6666667	2915	1.666666667	8.333333333	10	2637	288	2925	2905	2349
gb|JX560992|+|11387-12872|ARO:3003206|lsaE	2442.666667	536.3333333	2979	2	2	4	2444.666667	538.3333333	2983	2975	1906.333333
gb|EU434751|+|658-2578|ARO:3000194|tetW	1545.666667	654	2199.666667	0.3333333333	0.6666666667	1	1546	654.6666667	2200.666667	2198.666667	891.3333333
gb|KC688833|+|0-804|ARO:3002836|lnuB	1144	255	1399	0	0.3333333333	0.3333333333	1144	255.3333333	1399.333333	1398.666667	888.6666667
gb|L20800|+|1062-2325|ARO:3000180|tetA(P)	1093.666667	218.6666667	1312.333333	1.333333333	11.33333333	12.66666667	1095	230	1325	1299.666667	865
gb|AF242872|+|2131-2878|ARO:3000375|ErmB	1003.333333	2	1005.333333	0	0	0	1003.333333	2	1005.333333	1005.333333	1001.333333
gb|FN594949|+|27481-28339|ARO:3002629|ANT(6)-Ib	923	31.33333333	954.3333333	0	4.666666667	4.666666667	923	36	959	949.6666667	887
gb|NC_013342.1|-|26737-27499|ARO:3003905|ANT(4')-Ib	816.3333333	20	836.3333333	0	3	3	816.3333333	23	839.3333333	833.3333333	793.3333333
gb|CP004067|+|52914-53709|ARO:3002647|APH(3')-IIIa	792.3333333	7.333333333	799.6666667	0	0	0	792.3333333	7.333333333	799.6666667	799.6666667	785
gb|KX470419.1|+|3811-4615|ARO:3004085|lnuG	694	199.3333333	893.3333333	0	0.6666666667	0.6666666667	694	200	894	892.6666667	494
gb|M18896.2|+|206-2126|ARO:3000190|tetO	693.6666667	133	826.6666667	1	2.333333333	3.333333333	694.6666667	135.3333333	830	823.3333333	559.3333333
gb|Y15510|+|0-1203|ARO:3000175|tet(H)	707	78	785	0	0	0	707	78	785	785	629
gb|KU736867.1|+|19653-21573|ARO:3004442|tet(W/N/W)	633.6666667	393	1026.666667	0	0.3333333333	0.3333333333	633.6666667	393.3333333	1027	1026.333333	240.3333333
gb|JQ740052|+|2108-3329|ARO:3000567|tet(40)	637	16.66666667	653.6666667	0	0.6666666667	0.6666666667	637	17.33333333	654.3333333	653	619.6666667
gb|NC_023287|-|60996-61860|ARO:3002626|ANT(6)-Ia	602.3333333	342.6666667	945	0.3333333333	1.333333333	1.666666667	602.6666667	344	946.6666667	943.3333333	258.6666667
gb|M12730|+|779-1514|ARO:3000250|ErmC	604.3333333	2	606.3333333	0	0.6666666667	0.6666666667	604.3333333	2.666666667	607	605.6666667	601.6666667
gb|AJ295238.3|+|163-2083|ARO:3000196|tet32	544.6666667	95.66666667	640.3333333	0	2.333333333	2.333333333	544.6666667	98	642.6666667	638	446.6666667
gb|NC_023287|-|65291-66509|ARO:3000615|mefA	506	361.3333333	867.3333333	0	0.3333333333	0.3333333333	506	361.6666667	867.6666667	867	144.3333333
gb|AY928180|+|0-495|ARO:3002837|lnuC	503.6666667	16.66666667	520.3333333	0	1	1	503.6666667	17.66666667	521.3333333	519.3333333	486
gb|KU612222.1|+|80337-81078|ARO:3003908|Erm(47)	458.3333333	14.33333333	472.6666667	0	0	0	458.3333333	14.33333333	472.6666667	472.6666667	444
gb|JX560992|+|8592-9321|ARO:3002630|ANT(9)-Ia	453	212.3333333	665.3333333	0	2.333333333	2.333333333	453	214.6666667	667.6666667	663	238.3333333
gb|M17124|+|1181-1982|ARO:3000498|ErmF	444	35.33333333	479.3333333	0	0.3333333333	0.3333333333	444	35.66666667	479.6666667	479	408.3333333
gb|L22689|+|261-1035|ARO:3000593|ErmQ	360	30.66666667	390.6666667	0	1.666666667	1.666666667	360	32.33333333	392.3333333	389	327.6666667
gb|NC_009495.1|-|3035492-3036527|ARO:3004146|cfrC	359.6666667	1.333333333	361	0	0	0	359.6666667	1.333333333	361	361	358.3333333
gb|L09756|+|0-1926|ARO:3000192|tetS	334	201.6666667	535.6666667	0	0	0	334	201.6666667	535.6666667	535.6666667	132.3333333
gb|U01945|+|373-916|ARO:3002897|SAT-4	327.3333333	3.666666667	331	0.3333333333	0.3333333333	0.6666666667	327.6666667	4	331.6666667	330.3333333	323.6666667
gb|AY712687|+|0-831|ARO:3002628|aad(6)	323.3333333	76	399.3333333	0	1.666666667	1.666666667	323.3333333	77.66666667	401	397.6666667	245.6666667
gb|NC_009632|+|49744-50476|ARO:3000347|ErmA	303	27.66666667	330.6666667	0	0	0	303	27.66666667	330.6666667	330.6666667	275.3333333
gb|AF319779.2|+|32-833|ARO:3000604|Erm(35)	319.3333333	12.66666667	332	0	0	0	319.3333333	12.66666667	332	332	306.6666667
gb|M11036|+|0-1377|ARO:3000179|tet(L)	298.3333333	42	340.3333333	1	4.666666667	5.666666667	299.3333333	46.66666667	346	334.6666667	252.6666667
gb|U51479|+|0-921|ARO:3002636|APH(2'')-IIIa	299.6666667	2.333333333	302	0	0	0	299.6666667	2.333333333	302	302	297.3333333
gb|NC_012469|-|1800927-1802391|ARO:3000616|mel	256.3333333	196.3333333	452.6666667	0	0	0	256.3333333	196.3333333	452.6666667	452.6666667	60
gb|M64090|+|0-735|ARO:3000595|ErmT	231.3333333	0.3333333333	231.6666667	0	0.3333333333	0.3333333333	231.3333333	0.6666666667	232	231.3333333	230.6666667
gb|AY055428|-|20268-21084|ARO:3000412|sul2	234.6666667	439.3333333	674	0	0	0	234.6666667	439.3333333	674	674	-204.6666667
gb|FR772051|+|8740-10315|ARO:3002833|vgaE	183	0	183	0	0	0	183	0	183	183	183
gb|L20800|+|2308-4267|ARO:3000195|tetB(P)	178.3333333	329.6666667	508	3	0.3333333333	3.333333333	181.3333333	330	511.3333333	504.6666667	-148.6666667
gb|NC_005076|+|9897-10629|ARO:3000599|Erm(33)	177.3333333	3	180.3333333	0	0	0	177.3333333	3	180.3333333	180.3333333	174.3333333
gb|FJ196385|-|11083-12313|ARO:3003107|mefB	138.6666667	215	353.6666667	0	0	0	138.6666667	215	353.6666667	353.6666667	-76.33333333
gb|AM399080|-|1664-2150|ARO:3002835|lnuA	153	281.3333333	434.3333333	0	0	0	153	281.3333333	434.3333333	434.3333333	-128.3333333
gb|M37699|+|585-1752|ARO:3000205|tetX	144	107	251	0	0	0	144	107	251	251	37
gb|BX664015|-|103017-103833|ARO:3002641|APH(3')-Ia	148	11.33333333	159.3333333	0	0	0	148	11.33333333	159.3333333	159.3333333	136.6666667
gb|AF024602|+|3155-3992|ARO:3002660|APH(6)-Id	138.6666667	296	434.6666667	0	0	0	138.6666667	296	434.6666667	434.6666667	-157.3333333
gb|AF313472|+|15593-16397|ARO:3002639|APH(3'')-Ib	117.6666667	235.3333333	353	0	0	0	117.6666667	235.3333333	353	353	-117.6666667
gb|L42817|+|201-936|ARO:3000522|ErmG	122.6666667	6.333333333	129	0	2.666666667	2.666666667	122.6666667	9	131.6666667	126.3333333	113.6666667
gb|D85892|+|1158-2067|ARO:3000318|mphB	98.66666667	28.66666667	127.3333333	0	0.3333333333	0.3333333333	98.66666667	29	127.6666667	127	69.66666667
gb|AJ250203|+|1650-2883|ARO:3000476|tet(31)	95	68.66666667	163.6666667	0	0	0	95	68.66666667	163.6666667	163.6666667	26.33333333
gb|JF969163|+|1053-1893|ARO:3000410|sul1	77	402.3333333	479.3333333	0	2.666666667	2.666666667	77	405	482	476.6666667	-328
gb|AB014481|+|0-735|ARO:3002825|ErmY	80.66666667	1	81.66666667	0	0	0	80.66666667	1	81.66666667	81.66666667	79.66666667
gb|JN086160|-|1582-2407|ARO:3001777|OXA-347	66	25.66666667	91.66666667	0	0	0	66	25.66666667	91.66666667	91.66666667	40.33333333
gb|AJ561197|+|1320-2142|ARO:3002839|lnuF	69.66666667	31.66666667	101.3333333	0	0	0	69.66666667	31.66666667	101.3333333	101.3333333	38
gb|AF118110|-|71-1037|ARO:3003002|CfxA2	54.33333333	0.6666666667	55	0	0	0	54.33333333	0.6666666667	55	55	53.66666667
gb|AF121000|-|0-1155|ARO:3000183|tet(Z)	56.33333333	954.3333333	1010.666667	0	0.3333333333	0.3333333333	56.33333333	954.6666667	1011	1010.333333	-898.3333333
gb|AF070999|+|1679-2855|ARO:3000182|tet(Y)	58.66666667	14	72.66666667	0	0	0	58.66666667	14	72.66666667	72.66666667	44.66666667
gb|GQ342996|+|797-1793|ARO:3003097|CfxA6	53.33333333	0.6666666667	54	0	0	0	53.33333333	0.6666666667	54	54	52.66666667
gb|AF337947|+|271-1171|ARO:3002635|APH(2'')-IIa	53.66666667	0.3333333333	54	0	0.3333333333	0.3333333333	53.66666667	0.6666666667	54.33333333	53.66666667	53
gb|AJ007350.1|+|239-1094|ARO:3004359|ACI-1	48.66666667	0	48.66666667	0	0	0	48.66666667	0	48.66666667	48.66666667	48.66666667
gb|AJ420072.1|+|22939-24163|ARO:3000478|tet(33)	49.33333333	312.6666667	362	0	0	0	49.33333333	312.6666667	362	362	-263.3333333
gb|DQ241380.1|+|0-777|ARO:3002539|AAC(3)-IV	29.66666667	0	29.66666667	0.3333333333	0	0.3333333333	30	0	30	29.33333333	30
gb|DQ836009.1|+|1309-2131|ARO:3002879|linG	35	15	50	0	0	0	35	15	50	50	20
gb|KJ158441|+|2732-3377|ARO:3002789|QnrD2	41.66666667	0	41.66666667	0	0	0	41.66666667	0	41.66666667	41.66666667	41.66666667
gb|NC_005024|+|42504-43944|ARO:3002597|AAC(6')-Ie-APH(2'')-Ia	37.33333333	0	37.33333333	0	0	0	37.33333333	0	37.33333333	37.33333333	37.33333333
gb|U43152|+|93-582|ARO:3002866|dfrD	32	0	32	0	0	0	32	0	32	32	32
gb|AF337947|+|1214-1751|ARO:3002559|AAC(6')-Ip	27	0	27	0	0	0	27	0	27	27	27
gb|AY701528.1|+|9695-10589|ARO:3004191|APH(2'')-If	27.66666667	0.3333333333	28	0	0	0	27.66666667	0.3333333333	28	28	27.33333333
gb|DQ390458|-|3095-3995|ARO:3002609|aadA9	26.66666667	215.3333333	242	0	0.3333333333	0.3333333333	26.66666667	215.6666667	242.3333333	241.6666667	-189
gb|U82085|+|0-1659|ARO:3000118|vgaB	22.66666667	2	24.66666667	0	0	0	22.66666667	2	24.66666667	24.66666667	20.66666667
gb|NC_007682|+|20649-22125|ARO:3003109|msrE	18	24.33333333	42.33333333	0	0	0	18	24.33333333	42.33333333	42.33333333	-6.333333333
gb|NG_036525|+|633-1431|ARO:3002613|aadA13	23.33333333	60.66666667	84	0	0	0	23.33333333	60.66666667	84	84	-37.33333333
gb|CP003022|+|336788-337580|ARO:3003197|aadA25	17.33333333	43.33333333	60.66666667	0	0	0	17.33333333	43.33333333	60.66666667	60.66666667	-26
gb|DQ212986|+|2258-2966|ARO:3002926|vanRG	13.33333333	1	14.33333333	0	0	0	13.33333333	1	14.33333333	14.33333333	12.33333333
gb|AY660529.1|+|0-3902|ARO:3003676|AAC(6')-Ib'	11.33333333	68.33333333	79.66666667	0.3333333333	1	1.333333333	11.66666667	69.33333333	81	78.33333333	-57.66666667
gb|AJ809407|+|118-898|ARO:3002620|aadA23	15.33333333	31	46.33333333	0	0	0	15.33333333	31	46.33333333	46.33333333	-15.66666667
gb|AY769933|+|0-966|ARO:3003005|CfxA4	11.33333333	0	11.33333333	0	0	0	11.33333333	0	11.33333333	11.33333333	11.33333333
gb|AJ252200|+|1278-4401|ARO:3003056|smeE	10	54	64	25.33333333	45.66666667	71	35.33333333	99.66666667	135	-7	-64.33333333
gb|L11616|+|1569-4710|ARO:3000378|MexB	10.33333333	30.66666667	41	6.666666667	8.333333333	15	17	39	56	26	-22
gb|CP016215.1|+|74426-75311|ARO:3003741|mphD	14.33333333	13.33333333	27.66666667	0	0	0	14.33333333	13.33333333	27.66666667	27.66666667	1
gb|X07753|+|102-882|ARO:3002652|APH(3')-VIa	12	0	12	0	0	0	12	0	12	12	12
gb|AB211124|+|0-525|ARO:3002895|SAT-1	10.66666667	18.66666667	29.33333333	0	0	0	10.66666667	18.66666667	29.33333333	29.33333333	-8
gb|V01499|+|230-1256|ARO:3002655|APH(4)-Ia	9.666666667	2	11.66666667	0	0	0	9.666666667	2	11.66666667	11.66666667	7.666666667
gb|FR734406|+|0-906|ARO:3003106|Erm(42)	7	2	9	0	0	0	7	2	9	9	5
gb|AF156486|+|5012-5792|ARO:3002602|aadA2	11.66666667	24.33333333	36	0	0	0	11.66666667	24.33333333	36	36	-12.66666667
gb|FJ460181|+|1790-2582|ARO:3002617|aadA17	10	20.33333333	30.33333333	0	0	0	10	20.33333333	30.33333333	30.33333333	-10.33333333
gb|AF047479|+|1295-2087|ARO:3002603|aadA3	8	13.66666667	21.66666667	0	0	0	8	13.66666667	21.66666667	21.66666667	-5.666666667
gb|Y10693|+|0-828|ARO:3001416|OXA-21	6.666666667	0.3333333333	7	0	0	0	6.666666667	0.3333333333	7	7	6.333333333
gb|AP006618.1|+|4835199-4838688|ARO:3000501|Nocardia	6	541.3333333	547.3333333	308.6666667	511.3333333	820	314.6666667	1052.666667	1367.333333	-272.6666667	-738
gb|AF242872|+|3579-4224|ARO:3002844|vatE	11.33333333	0	11.33333333	0	0	0	11.33333333	0	11.33333333	11.33333333	11.33333333
gb|JF268688|-|5407-6232|ARO:3001809|OXA-209	6	2.666666667	8.666666667	0	0	0	6	2.666666667	8.666666667	8.666666667	3.333333333
gb|AY289608|+|616-1444|ARO:3001810|OXA-53	6	0.3333333333	6.333333333	0	0	0	6	0.3333333333	6.333333333	6.333333333	5.666666667
gb|AF024666|+|35934-37110|ARO:3002703|cmx	8	1105.666667	1113.666667	0.3333333333	0	0.3333333333	8.333333333	1105.666667	1114	1113.333333	-1097.333333
gb|Y11946.1|+|0-980|ARO:3002578|AAC(6')-Ib7	6.666666667	40.33333333	47	0	0	0	6.666666667	40.33333333	47	47	-33.66666667
gb|AF024666|-|2207-2969|ARO:3000596|ErmX	6	41	47	0	0	0	6	41	47	47	-35
gb|AJ884726|-|539-1325|ARO:3002614|aadA14	5.666666667	1	6.666666667	0	0	0	5.666666667	1	6.666666667	6.666666667	4.666666667
gb|X74325|+|645-1908|ARO:3002656|APH(4)-Ib	3	0	3	0	0	0	3	0	3	3	3
gb|M55620|+|0-660|ARO:3002687|catQ	8.333333333	15.66666667	24	0	0	0	8.333333333	15.66666667	24	24	-7.333333333
gb|AY587956|+|0-774|ARO:3001773|OXA-61	3	0	3	0	0	0	3	0	3	3	3
gb|D37826|+|1070-2195|ARO:3002812|pp-flo	7	102.3333333	109.3333333	0	0	0	7	102.3333333	109.3333333	109.3333333	-95.33333333
gb|KC170992.1|+|8362-9142|ARO:3003687|APH(3')-VI	5.333333333	0	5.333333333	0	0	0	5.333333333	0	5.333333333	5.333333333	5.333333333
gb|L36601|+|1420-3130|ARO:3003036|oleB	3.333333333	20.33333333	23.66666667	63.66666667	94.66666667	158.3333333	67	115	182	-134.6666667	-48
gb|U00096|+|3660413-3663527|ARO:3000796|mdtF	2.333333333	6.333333333	8.666666667	3.333333333	4.333333333	7.666666667	5.666666667	10.66666667	16.33333333	1	-5
gb|AY138986|+|0-789|ARO:3002604|aadA4	6	6.666666667	12.66666667	0	0	0	6	6.666666667	12.66666667	12.66666667	-0.6666666667
gb|EU850412|+|2269-3166|ARO:3002249|CARB-10	3	2.666666667	5.666666667	0	0	0	3	2.666666667	5.666666667	5.666666667	0.3333333333
gb|DQ393783|+|1799-2591|ARO:3002615|aadA15	2.666666667	15.33333333	18	0	0	0	2.666666667	15.33333333	18	18	-12.66666667
gb|EF452177|+|0-495|ARO:3002838|lnuD	4	18.66666667	22.66666667	0	0	0	4	18.66666667	22.66666667	22.66666667	-14.66666667
gb|AM087411|+|1611-2457|ARO:3002606|aadA6	3.333333333	16	19.33333333	1	1	2	4.333333333	17	21.33333333	17.33333333	-12.66666667
gb|DQ677333|+|0-780|ARO:3002621|aadA24	3.666666667	4.333333333	8	0	0	0	3.666666667	4.333333333	8	8	-0.6666666667
gb|AJ567827|+|0-792|ARO:3002611|aadA11	3.666666667	11.66666667	15.33333333	0	0	0	3.666666667	11.66666667	15.33333333	15.33333333	-8
gb|FJ381668|+|56-848|ARO:3002612|aadA12	2.333333333	7.666666667	10	0	0	0	2.333333333	7.666666667	10	10	-5.333333333
gb|KF287643|+|0-522|ARO:3003762|lnuE	2	2	4	0	0	0	2	2	4	4	0
gb|AY237830|+|0-831|ARO:3001781|OXA-47	3	0	3	0	0	0	3	0	3	3	3
gb|AF135373|+|11-908|ARO:3002244|CARB-5	2	7	9	0	0	0	2	7	9	9	-5
gb|KP399637|+|31476-33444|ARO:3003746|optrA	3	19.33333333	22.33333333	0	0	0	3	19.33333333	22.33333333	22.33333333	-16.33333333
gb|U00096|+|2158385-2161463|ARO:3000794|mdtC	1.333333333	1	2.333333333	0	0	0	1.333333333	1	2.333333333	2.333333333	0.3333333333
gb|AB089595|+|0-1206|ARO:3000166|tet(B)	1.333333333	4	5.333333333	0	0	0	1.333333333	4	5.333333333	5.333333333	-2.666666667
gb|NC_014638|-|1610636-1613960|ARO:3003730|Bifidobacteria	1	124	125	38	59.33333333	97.33333333	39	183.3333333	222.3333333	27.66666667	-144.3333333
gb|AF170880|+|0-1848|ARO:3002522|novA	1	4.333333333	5.333333333	17.33333333	43.66666667	61	18.33333333	48	66.33333333	-55.66666667	-29.66666667
gb|U00096|+|2155262-2158385|ARO:3000793|mdtB	2.333333333	4.333333333	6.666666667	14.66666667	22.33333333	37	17	26.66666667	43.66666667	-30.33333333	-9.666666667
gb|AY768532|+|0-1935|ARO:3000535|macB	1.666666667	3.666666667	5.333333333	2	7.666666667	9.666666667	3.666666667	11.33333333	15	-4.333333333	-7.666666667
gb|JQ364968|+|3332-4229|ARO:3002252|CARB-14	2.333333333	2.666666667	5	0	0	0	2.333333333	2.666666667	5	5	-0.3333333333
gb|U38243|+|149-1115|ARO:3003001|CfxA	1.666666667	0	1.666666667	0	0	0	1.666666667	0	1.666666667	1.666666667	1.666666667
gb|U00096|-|2098446-2099613|ARO:3003577|pmrE	1.333333333	0	1.333333333	0	0	0	1.333333333	0	1.333333333	1.333333333	1.333333333
gb|AB571865|-|144312-145536|ARO:3003745|mefC	2.333333333	20	22.33333333	0	0	0	2.333333333	20	22.33333333	22.33333333	-17.66666667
gb|AP009048|-|4304505-4306557|ARO:3003549|mdtO	1.666666667	0	1.666666667	0	0	0	1.666666667	0	1.666666667	1.666666667	1.666666667
gb|FJ768952|+|0-1488|ARO:3000237|tolC	1.666666667	0.3333333333	2	0	0	0	1.666666667	0.3333333333	2	2	1.333333333
gb|AP009048|-|3980025-3981183|ARO:3000795|mdtE	1.333333333	0	1.333333333	0	0	0	1.333333333	0	1.333333333	1.333333333	1.333333333
gb|FN812951|+|0-492|ARO:3002869|dfrK	1.333333333	0	1.333333333	0	0	0	1.333333333	0	1.333333333	1.333333333	1.333333333
gb|U00096|+|2368038-2370021|ARO:3002985|arnA	1.333333333	0	1.333333333	0	0	0	1.333333333	0	1.333333333	1.333333333	1.333333333
gb|D78168|+|1591-3130|ARO:3000254|emrY	1	0	1	0	0	0	1	0	1	1	1
gb|KX531049.1|+|0-1947|ARO:3003986|TaeA	0.6666666667	0.3333333333	1	0.3333333333	0.3333333333	0.6666666667	1	0.6666666667	1.666666667	0.3333333333	0.3333333333
gb|AY178993|+|574-1471|ARO:3002247|CARB-8	0.6666666667	1.666666667	2.333333333	0	0	0	0.6666666667	1.666666667	2.333333333	2.333333333	-1
gb|AF137361|+|63-852|ARO:3002605|aadA5	0.6666666667	0.3333333333	1	0	0	0	0.6666666667	0.3333333333	1	1	0.3333333333
gb|AF055922|+|1787-2630|ARO:3001299|tlrB	0.6666666667	0	0.6666666667	0	0	0	0.6666666667	0	0.6666666667	0.6666666667	0.6666666667
gb|M93113|+|0-660|ARO:3002674|catB	0.6666666667	0	0.6666666667	0	0	0	0.6666666667	0	0.6666666667	0.6666666667	0.6666666667
gb|AF235050.4|+|38028-40140|ARO:3003318|Streptomyces	3.333333333	70.33333333	73.66666667	94	154	248	97.33333333	224.3333333	321.6666667	-174.3333333	-127
gb|M57437|+|0-1647|ARO:3002827|tlrC	1.333333333	30.33333333	31.66666667	47.66666667	96	143.6666667	49	126.3333333	175.3333333	-112	-77.33333333
gb|X63451|+|0-1653|ARO:3002828|srmB	1	30.33333333	31.33333333	14.33333333	14.66666667	29	15.33333333	45	60.33333333	2.333333333	-29.66666667
gb|NC_006350.1|-|2147817-2150949|ARO:3002983|amrB	0.3333333333	2.333333333	2.666666667	15	31.66666667	46.66666667	15.33333333	34	49.33333333	-44	-18.66666667
gb|NC_007779|+|2586250-2589364|ARO:3000491|acrD	1.666666667	3	4.666666667	1	1.666666667	2.666666667	2.666666667	4.666666667	7.333333333	2	-2
gb|AF155139|+|1511-2207|ARO:3002925|vanRF	0.3333333333	0	0.3333333333	0.3333333333	0	0.3333333333	0.6666666667	0	0.6666666667	0	0.6666666667
gb|NC_013452|+|2917-4297|ARO:3000178|tet(K)	2.666666667	0	2.666666667	0	0	0	2.666666667	0	2.666666667	2.666666667	2.666666667
gb|AY171578|+|0-564|ARO:3000167|tet(C)	2.333333333	0.3333333333	2.666666667	0	0	0	2.333333333	0.3333333333	2.666666667	2.666666667	2
gb|FJ617207|+|0-828|ARO:3001800|OXA-226	1.333333333	0	1.333333333	0	0	0	1.333333333	0	1.333333333	1.333333333	1.333333333
gb|HG970100.1|+|0-1457|ARO:3003948|efrA	1.333333333	0.3333333333	1.666666667	0	0	0	1.333333333	0.3333333333	1.666666667	1.666666667	1
gb|AY171244|+|46-838|ARO:3002618|aadA21	1	1.333333333	2.333333333	0	0	0	1	1.333333333	2.333333333	2.333333333	-0.3333333333
gb|NC_007779|+|1621287-1621671|ARO:3000263|marA	1	0	1	0	0	0	1	0	1	1	1
gb|AF294653|+|753-1584|ARO:3001425|OXA-31	1.333333333	0	1.333333333	0	0	0	1.333333333	0	1.333333333	1.333333333	1.333333333
gb|AP009048|-|4338624-4340268|ARO:3003576|PmrC	1.333333333	0	1.333333333	0	0	0	1.333333333	0	1.333333333	1.333333333	1.333333333
gb|NC_002695|+|3211891-3212506|ARO:3000832|evgA	1	0	1	0	0	0	1	0	1	1	1
gb|AP009048|-|4306556-4307588|ARO:3003548|mdtN	1	0.6666666667	1.666666667	0	0	0	1	0.6666666667	1.666666667	1.666666667	0.3333333333
gb|U00096|-|1124117-1125326|ARO:3001216|mdtH	1	0	1	0	0	0	1	0	1	1	1
gb|M35190|+|0-624|ARO:3002670|cat	0.6666666667	0.3333333333	1	0	0	0	0.6666666667	0.3333333333	1	1	0.3333333333
gb|AY008291|+|0-769|ARO:3001427|OXA-33	0.6666666667	0	0.6666666667	0	0	0	0.6666666667	0	0.6666666667	0.6666666667	0.6666666667
gb|Z11877.1|+|0-1244|ARO:3004039|Escherichia	0.6666666667	0	0.6666666667	0	0	0	0.6666666667	0	0.6666666667	0.6666666667	0.6666666667
gb|AP009048|+|2810082-2811255|ARO:3000027|emrA	0.6666666667	0	0.6666666667	0	0	0	0.6666666667	0	0.6666666667	0.6666666667	0.6666666667
gb|AM261837|+|73-865|ARO:3002619|aadA22	2	4	6	0	0	0	2	4	6	6	-2
gb|L06157|+|554-1085|ARO:3002530|AAC(3)-Ib	1.333333333	20.33333333	21.66666667	0	0.3333333333	0.3333333333	1.333333333	20.66666667	22	21.33333333	-19.33333333
gb|JX131372|+|1478-2279|ARO:3001797|OXA-46	1	0	1	0	0	0	1	0	1	1	1
gb|AY123251|+|2950-3505|ARO:3002594|AAC(6')-IIa	1	0	1	0	0	0	1	0	1	1	1
gb|KC895984|+|1081-1855|ARO:3002631|spd	1	0	1	0	0	0	1	0	1	1	1
gb|NC_000913.3|-|0-1644|ARO:3003952|yojI	0.6666666667	1	1.666666667	0	0	0	0.6666666667	1	1.666666667	1.666666667	-0.3333333333
gb|FJ825622|+|0-900|ARO:3002376|VEB-7	0.6666666667	1	1.666666667	0	0	0	0.6666666667	1	1.666666667	1.666666667	-0.3333333333
gb|NC_002951|-|1987719-1989456|ARO:3000489|sav1866	0.6666666667	1	1.666666667	0	0	0	0.6666666667	1	1.666666667	1.666666667	-0.3333333333
gb|X74948|+|0-492|ARO:3002688|catS	0.6666666667	0	0.6666666667	0	0	0	0.6666666667	0	0.6666666667	0.6666666667	0.6666666667
gb|X52872|+|220-1138|ARO:3002995|ROB-1	0.6666666667	0	0.6666666667	0	0	0	0.6666666667	0	0.6666666667	0.6666666667	0.6666666667
gb|JQ808129|+|1598-2378|ARO:3002666|rmtF	0.3333333333	0	0.3333333333	0.3333333333	0.3333333333	0.6666666667	0.6666666667	0.3333333333	1	-0.3333333333	0.3333333333
gb|AB114632|+|655-1453|ARO:3002607|aadA7	0.3333333333	4.333333333	4.666666667	0	0	0	0.3333333333	4.333333333	4.666666667	4.666666667	-4
gb|NC_022598.1|+|14791-16258|ARO:3000251|msrA	0.3333333333	0.6666666667	1	0	0	0	0.3333333333	0.6666666667	1	1	-0.3333333333
gb|AJ312056|+|385-1036|ARO:3002670|cat	0.3333333333	0.6666666667	1	0	0	0	0.3333333333	0.6666666667	1	1	-0.3333333333
gb|GU831575|+|0-843|ARO:3001662|OXA-164	0.3333333333	0.3333333333	0.6666666667	0	0	0	0.3333333333	0.3333333333	0.6666666667	0.6666666667	0
gb|U00096|-|3412802-3413465|ARO:3000656|acrS	0.3333333333	0.3333333333	0.6666666667	0	0	0	0.3333333333	0.3333333333	0.6666666667	0.6666666667	0
gb|X75439|+|476-3551|ARO:3000521|mupA	0.3333333333	1	1.333333333	0	0.3333333333	0.3333333333	0.3333333333	1.333333333	1.666666667	1	-1
gb|FJ349556|+|981-1680|ARO:3002928|vanRM	0.3333333333	0	0.3333333333	0	0	0	0.3333333333	0	0.3333333333	0.3333333333	0.3333333333
gb|U00096|+|3413863-3415021|ARO:3000499|acrE	0.3333333333	0	0.3333333333	0	0	0	0.3333333333	0	0.3333333333	0.3333333333	0.3333333333
gb|M58516|+|89-719|ARO:3002670|cat	0.3333333333	0	0.3333333333	0	0	0	0.3333333333	0	0.3333333333	0.3333333333	0.3333333333
gb|CP015085.1|-|2551711-2552440|ARO:3003838|gadW	0.3333333333	0	0.3333333333	0	0	0	0.3333333333	0	0.3333333333	0.3333333333	0.3333333333
gb|FJ854362|+|1702-2257|ARO:3002576|AAC(6')-Ib3	0.3333333333	0	0.3333333333	0	0	0	0.3333333333	0	0.3333333333	0.3333333333	0.3333333333
gb|BX664015|-|204137-204554|ARO:3000168|tet(D)	0.3333333333	1	1.333333333	0	0	0	0.3333333333	1	1.333333333	1.333333333	-0.6666666667
gb|NC_000913.3|-|4377810-4378944|ARO:3004290|Escherichia	0.3333333333	0	0.3333333333	0	0	0	0.3333333333	0	0.3333333333	0.3333333333	0.3333333333
gb|EU250284|+|4730-5426|ARO:3002927|vanRL	0.3333333333	0	0.3333333333	0	0	0	0.3333333333	0	0.3333333333	0.3333333333	0.3333333333
gb|L06249|+|1527-2505|ARO:3003748|oleC	0	4	4	120.3333333	187.3333333	307.6666667	120.3333333	191.3333333	311.6666667	-303.6666667	-71
gb|KF478993|-|6002-6704|ARO:3002930|vanRO	0	0.6666666667	0.6666666667	82.66666667	106.6666667	189.3333333	82.66666667	107.3333333	190	-188.6666667	-24.66666667
gb|KJ151292|+|294-2892|ARO:3000444|rphA	0	0.6666666667	0.6666666667	65.66666667	107.3333333	173	65.66666667	108	173.6666667	-172.3333333	-42.33333333
gb|NC_002516.2|-|2850882-2854014|ARO:3004074|MuxB	0.6666666667	24.66666667	25.33333333	50	89	139	50.66666667	113.6666667	164.3333333	-113.6666667	-63
gb|NC_002516|+|2810008-2813197|ARO:3000804|MexF	0	5	5	50.66666667	52.66666667	103.3333333	50.66666667	57.66666667	108.3333333	-98.33333333	-7
gb|U97042|+|1263-4347|ARO:3003010|ceoB	0	0.3333333333	0.3333333333	47.33333333	72.33333333	119.6666667	47.33333333	72.66666667	120	-119.3333333	-25.33333333
gb|NC_002516.2|-|2847775-2850886|ARO:3004075|MuxC	0.3333333333	4	4.333333333	28	60.66666667	88.66666667	28.33333333	64.66666667	93	-84.33333333	-36.33333333
gb|AB219523.1|+|1175-4286|ARO:3003705|mexN	0	1.333333333	1.333333333	18.66666667	31	49.66666667	18.66666667	32.33333333	51	-48.33333333	-13.66666667
gb|AFRQ01000061.1|-|23986-27124|ARO:3004144|AxyY	0	1.333333333	1.333333333	15.66666667	20.66666667	36.33333333	15.66666667	22	37.66666667	-35	-6.333333333
gb|AF173226|+|3767-6917|ARO:3003052|smeB	0	11.33333333	11.33333333	17	19	36	17	30.33333333	47.33333333	-24.66666667	-13.33333333
gb|AB219524.1|+|1176-4338|ARO:3003699|mexQ	0	9.666666667	9.666666667	16	21	37	16	30.66666667	46.66666667	-27.33333333	-14.66666667
gb|NC_010378.1|+|47850-51003|ARO:3003923|oqxB	0	7.333333333	7.333333333	11.66666667	15	26.66666667	11.66666667	22.33333333	34	-19.33333333	-10.66666667
gb|AE004091.2|-|4116187-4119265|ARO:3003693|mexK	0	21.66666667	21.66666667	14.66666667	16.66666667	31.33333333	14.66666667	38.33333333	53	-9.666666667	-23.66666667
gb|M80346|+|0-1656|ARO:3002817|carA	0.3333333333	5.333333333	5.666666667	10.66666667	30.33333333	41	11	35.66666667	46.66666667	-35.33333333	-24.66666667
gb|KF478993|-|4909-5947|ARO:3002941|vanSO	0	1	1	9.666666667	16	25.66666667	9.666666667	17	26.66666667	-24.66666667	-7.333333333
gb|U57969|+|1485-4617|ARO:3000801|MexD	0.3333333333	2.666666667	3	13.33333333	16.33333333	29.66666667	13.66666667	19	32.66666667	-26.66666667	-5.333333333
gb|AY509111|+|0-1056|ARO:3002894|otrC	0	0.6666666667	0.6666666667	6.333333333	7	13.33333333	6.333333333	7.666666667	14	-12.66666667	-1.333333333
gb|NC_002516.2|+|4904646-4907703|ARO:3003031|mexW	0	36	36	7	8.333333333	15.33333333	7	44.33333333	51.33333333	20.66666667	-37.33333333
gb|AB015853|+|1330-4471|ARO:3003033|mexY	0	2	2	7.333333333	4.333333333	11.66666667	7.333333333	6.333333333	13.66666667	-9.666666667	1
gb|U56415|+|279-1719|ARO:3002884|iri	0	2	2	3.333333333	3	6.333333333	3.333333333	5	8.333333333	-4.333333333	-1.666666667
gb|NC_002516|+|4707534-4710624|ARO:3000808|mexI	0	4	4	6	9.333333333	15.33333333	6	13.33333333	19.33333333	-11.33333333	-7.333333333
gb|NC_002516.2|+|179521-182569|ARO:3003681|TriC	0	0	0	5.333333333	7	12.33333333	5.333333333	7	12.33333333	-12.33333333	-1.666666667
gb|X53401|+|0-1992|ARO:3002891|otr(A)	0	0	0	3.333333333	5.333333333	8.666666667	3.333333333	5.333333333	8.666666667	-8.666666667	-2
gb|LT673656.1|-|1884344-1885022|ARO:3004054|Pseudomonas	0	1.666666667	1.666666667	3.333333333	8.666666667	12	3.333333333	10.33333333	13.66666667	-10.33333333	-7
gb|GQ244501|-|59-1619|ARO:3000573|tet(43)	0	0	0	3.333333333	2.666666667	6	3.333333333	2.666666667	6	-6	0.6666666667
gb|EU523697|+|686-1973|ARO:3000572|tet(42)	0	0.3333333333	0.3333333333	3.666666667	2.333333333	6	3.666666667	2.666666667	6.333333333	-5.666666667	1
gb|NC_000962.3|-|3153038-3154631|ARO:3003955|efpA	0	0	0	2.666666667	2.666666667	5.333333333	2.666666667	2.666666667	5.333333333	-5.333333333	0
gb|Y00459|+|2824-3748|ARO:3002657|APH(6)-Ia	0	0	0	4.333333333	4	8.333333333	4.333333333	4	8.333333333	-8.333333333	0.3333333333
gb|JQ064560|+|0-1536|ARO:3000448|qepA	0.3333333333	21.66666667	22	1.666666667	1.666666667	3.333333333	2	23.33333333	25.33333333	18.66666667	-21.33333333
gb|D38215|+|0-1539|ARO:3002893|tcr3	0	0	0	4	8.666666667	12.66666667	4	8.666666667	12.66666667	-12.66666667	-4.666666667
gb|AL123456|-|3626662-3627349|ARO:3000816|mtrA	0	11	11	2.666666667	5.333333333	8	2.666666667	16.33333333	19	3	-13.66666667
gb|AP012279|-|2172316-2173201|ARO:3000856|BJP-1	0	0	0	2	4	6	2	4	6	-6	-2
gb|AF001493|+|0-432|ARO:3002846|arr-1	0	0	0	1	1.666666667	2.666666667	1	1.666666667	2.666666667	-2.666666667	-0.6666666667
gb|M58472|+|147-777|ARO:3002670|cat	0.3333333333	0.3333333333	0.6666666667	1.666666667	0.6666666667	2.333333333	2	1	3	-1.666666667	1
gb|M80674|+|877-2494|ARO:3003554|tcmA	0	0	0	0.6666666667	5	5.666666667	0.6666666667	5	5.666666667	-5.666666667	-4.333333333
gb|U09991|+|27-1338|ARO:3002700|cmlv	0	0	0	0.6666666667	2	2.666666667	0.6666666667	2	2.666666667	-2.666666667	-1.333333333
gb|HQ203032|+|0-345|ARO:3000245|RbpA	0	0.3333333333	0.3333333333	1	2	3	1	2.333333333	3.333333333	-2.666666667	-1.333333333
gb|KX531044.1|+|0-1032|ARO:3003980|tetA(48)	0	1.333333333	1.333333333	1.333333333	1.333333333	2.666666667	1.333333333	2.666666667	4	-1.333333333	-1.333333333
gb|NC_002516|+|2808742-2809987|ARO:3000803|MexE	0	0	0	1	1	2	1	1	2	-2	0
gb|D16099|+|409-1297|ARO:3001300|myrA	0	0	0	0.6666666667	0.3333333333	1	0.6666666667	0.3333333333	1	-1	0.3333333333
gb|AP006627.1|+|1162417-1163470|ARO:3002816|clbC	0	0.6666666667	0.6666666667	1	0	1	1	0.6666666667	1.666666667	-0.3333333333	0.3333333333
gb|NC_000913.3|-|481253-484403|ARO:3000216|acrB	1.333333333	2.666666667	4	1.333333333	2	3.333333333	2.666666667	4.666666667	7.333333333	0.6666666667	-2
gb|M97297|+|4649-5803|ARO:3002931|vanSA	0.3333333333	1.333333333	1.666666667	0.6666666667	0.3333333333	1	1	1.666666667	2.666666667	0.6666666667	-0.6666666667
gb|X01702|+|484-1285|ARO:3002659|APH(6)-Ic	0.3333333333	1	1.333333333	0.6666666667	0.6666666667	1.333333333	1	1.666666667	2.666666667	0	-0.6666666667
gb|NC_007907|-|4201992-4202691|ARO:3003728|vanRI	0.3333333333	0.3333333333	0.6666666667	0.3333333333	0	0.3333333333	0.6666666667	0.3333333333	1	0.3333333333	0.3333333333
gb|AF079900|+|39-1731|ARO:3002892|otr(B)	0	0	0	2.666666667	8	10.66666667	2.666666667	8	10.66666667	-10.66666667	-5.333333333
gb|AF173226|-|351-1041|ARO:3003066|smeR	0	3	3	2.333333333	8.666666667	11	2.333333333	11.66666667	14	-8	-9.333333333
gb|AY758206|+|2743-3589|ARO:3002611|aadA11	0	9.666666667	9.666666667	2.666666667	5.666666667	8.333333333	2.666666667	15.33333333	18	1.333333333	-12.66666667
gb|JQ768046|+|7760-9440|ARO:3001313|facT	0	0	0	2.333333333	5.333333333	7.666666667	2.333333333	5.333333333	7.666666667	-7.666666667	-3
gb|JX028276|-|35585-36821|ARO:3002883|rgt1438	0	0	0	1.333333333	4	5.333333333	1.333333333	4	5.333333333	-5.333333333	-2.666666667
gb|CP012901.1|-|5979156-5980365|ARO:3003801|bcr-1	0	0	0	1.333333333	3.666666667	5	1.333333333	3.666666667	5	-5	-2.333333333
gb|NC_002516.2|-|2854010-2855291|ARO:3004073|MuxA	0	0	0	0.6666666667	2.666666667	3.333333333	0.6666666667	2.666666667	3.333333333	-3.333333333	-2
gb|KT736121.1|+|0-2721|ARO:3001555|OXA-368	0	0	0	1	1.666666667	2.666666667	1	1.666666667	2.666666667	-2.666666667	-0.6666666667
gb|AF030344|-|0-1260|ARO:3000181|tet(V)	0	0	0	1.666666667	3	4.666666667	1.666666667	3	4.666666667	-4.666666667	-1.333333333
gb|NC_002516.2|+|3982020-3984009|ARO:3002985|arnA	0	0	0	0.6666666667	1.333333333	2	0.6666666667	1.333333333	2	-2	-0.6666666667
gb|L06160|+|983-1721|ARO:3002537|AAC(3)-IIIb	0	0	0	0.6666666667	0.6666666667	1.333333333	0.6666666667	0.6666666667	1.333333333	-1.333333333	0
gb|NG_050460.1|+|100-1636|ARO:3004103|QepA2	0	0	0	0.3333333333	0.6666666667	1	0.3333333333	0.6666666667	1	-1	-0.3333333333
gb|Z50108|+|238-1768|ARO:3003026|fusH	0	0	0	0.6666666667	0.3333333333	1	0.6666666667	0.3333333333	1	-1	0.3333333333
gb|AE004091.2|+|4903465-4904596|ARO:3003030|mexV	0	0	0	0.3333333333	0.3333333333	0.6666666667	0.3333333333	0.3333333333	0.6666666667	-0.6666666667	0
gb|KF478993|+|2576-3185|ARO:3002954|vanXO	0	0	0	0.3333333333	0.6666666667	1	0.3333333333	0.6666666667	1	-1	-0.3333333333
gb|U57969|+|294-1458|ARO:3000800|MexC	0	0.3333333333	0.3333333333	1.333333333	1.333333333	2.666666667	1.333333333	1.666666667	3	-2.333333333	-0.3333333333
gb|AF155139|+|2199-3297|ARO:3002936|vanSF	0	0	0	0.6666666667	0	0.6666666667	0.6666666667	0	0.6666666667	-0.6666666667	0.6666666667
gb|EU188842|+|0-828|ARO:3001609|OXA-114a	0	0	0	0.6666666667	1	1.666666667	0.6666666667	1	1.666666667	-1.666666667	-0.3333333333
gb|EU408349|+|107-1025|ARO:3002487|LRA-8	0	0	0	0.6666666667	1	1.666666667	0.6666666667	1	1.666666667	-1.666666667	-0.3333333333
gb|EU675686|+|3196-4042|ARO:3002616|aadA16	0	28	28	0.3333333333	0.6666666667	1	0.3333333333	28.66666667	29	27	-28.33333333
gb|AJ252200|+|81-1266|ARO:3003055|smeD	0	3.666666667	3.666666667	0.3333333333	1	1.333333333	0.3333333333	4.666666667	5	2.333333333	-4.333333333
gb|AB164230|+|35-566|ARO:3002593|AAC(6')-Ib-SK	0	0	0	0.3333333333	0	0.3333333333	0.3333333333	0	0.3333333333	-0.3333333333	0.3333333333
gb|NC_002516|+|472023-473175|ARO:3000377|MexA	0	0	0	0.3333333333	0	0.3333333333	0.3333333333	0	0.3333333333	-0.3333333333	0.3333333333
gb|U10251|+|180-975|ARO:3001407|OXA-12	0	0	0	0.3333333333	0	0.3333333333	0.3333333333	0	0.3333333333	-0.3333333333	0.3333333333
gb|EF374097|+|0-876|ARO:3001918|CTX-M-56	0	0	0	0.3333333333	0	0.3333333333	0.3333333333	0	0.3333333333	-0.3333333333	0.3333333333
gb|AF155139|+|6976-7648|ARO:3002952|vanXF	0	0	0	0.3333333333	0	0.3333333333	0.3333333333	0	0.3333333333	-0.3333333333	0.3333333333
gb|NG_049322|+|100-1252|ARO:3002191|MOX-9	0	0	0	0.3333333333	0	0.3333333333	0.3333333333	0	0.3333333333	-0.3333333333	0.3333333333
gb|NC_002516.2|-|2846282-2847779|ARO:3004072|OpmB	0	0.3333333333	0.3333333333	0.3333333333	0	0.3333333333	0.3333333333	0.3333333333	0.6666666667	0	0
gb|EF540343|+|214-985|ARO:3002623|ANT(4')-Ia	0	0	0	0.3333333333	0	0.3333333333	0.3333333333	0	0.3333333333	-0.3333333333	0.3333333333
gb|NZ_AGSO01000004|+|76451-77432|ARO:3003071|mphE	0	0.6666666667	0.6666666667	0.3333333333	0	0.3333333333	0.3333333333	0.6666666667	1	0.3333333333	-0.3333333333
gb|NC_002516.2|+|177306-178458|ARO:3003679|TriA	0	0	0	1	0	1	1	0	1	-1	1
gb|AF078527|+|3769-4303|ARO:3000230|ANT(2'')-Ia	1.333333333	0	1.333333333	0	0	0	1.333333333	0	1.333333333	1.333333333	1.333333333
gb|U00096|+|3415032-3418137|ARO:3000502|acrF	1	0.6666666667	1.666666667	0	0.3333333333	0.3333333333	1	1	2	1.333333333	0
gb|AJ400733.1|+|21-585|ARO:3002854|dfrA1	1	2	3	0	0	0	1	2	3	3	-1
gb|AF350424|+|0-771|ARO:3001428|OXA-34	2.333333333	0.3333333333	2.666666667	0	0	0	2.333333333	0.3333333333	2.666666667	2.666666667	2
gb|U00096|+|2484373-2487967|ARO:3000833|evgS	1	0.3333333333	1.333333333	0	0	0	1	0.3333333333	1.333333333	1.333333333	0.6666666667
gb|L07945|+|60-888|ARO:3001398|OXA-3	1	0	1	0	0	0	1	0	1	1	1
gb|NC_000913.3|+|2810769-2811300|ARO:3000516|emrR	0.6666666667	0	0.6666666667	0	0	0	0.6666666667	0	0.6666666667	0.6666666667	0.6666666667
gb|D78168|+|536-1592|ARO:3000206|emrK	0.6666666667	0	0.6666666667	0	0	0	0.6666666667	0	0.6666666667	0.6666666667	0.6666666667
gb|JQ394987|+|0-1233|ARO:3001328|Escherichia	1.666666667	0	1.666666667	0	0	0	1.666666667	0	1.666666667	1.666666667	1.666666667
gb|CP000800.1|-|1191727-1192954|ARO:3001329|mdtG	1.333333333	0	1.333333333	0	0	0	1.333333333	0	1.333333333	1.333333333	1.333333333
gb|AB571865|-|143423-144308|ARO:3003742|mphG	1	10	11	0	0	0	1	10	11	11	-9
gb|AY536519|+|37-937|ARO:3002372|VEB-3	0.6666666667	4	4.666666667	0	0	0	0.6666666667	4	4.666666667	4.666666667	-3.333333333
gb|U00096|-|3203309-3204131|ARO:3002986|bacA	0.6666666667	0	0.6666666667	0	0	0	0.6666666667	0	0.6666666667	0.6666666667	0.6666666667
gb|AJ549214|+|176-1604|ARO:3002704|fexA	0.3333333333	26.66666667	27	0	0	0	0.3333333333	26.66666667	27	27	-26.33333333
gb|AF231986|+|3307-4522|ARO:3002705|floR	0.3333333333	8.333333333	8.666666667	0	0	0	0.3333333333	8.333333333	8.666666667	8.666666667	-8
gb|NG_047417.1|+|0-995|ARO:3002644|APH(3')-IIa	0.3333333333	0	0.3333333333	0	0	0	0.3333333333	0	0.3333333333	0.3333333333	0.3333333333
gb|JN935136|+|0-861|ARO:3001054|TEM-194	0.3333333333	0	0.3333333333	0	0	0	0.3333333333	0	0.3333333333	0.3333333333	0.3333333333
gb|DQ823382|+|0-1569|ARO:3002830|vgaALC	0.3333333333	0	0.3333333333	0	0	0	0.3333333333	0	0.3333333333	0.3333333333	0.3333333333
gb|JF894248|+|0-741|ARO:3002218|IMP-27	0.3333333333	0	0.3333333333	0	0	0	0.3333333333	0	0.3333333333	0.3333333333	0.3333333333
gb|AF030945|+|95-962|ARO:3002245|CARB-6	0.3333333333	0	0.3333333333	0	0	0	0.3333333333	0	0.3333333333	0.3333333333	0.3333333333
gb|AB205645|+|1012-1510|ARO:3002868|dfrG	0.3333333333	0	0.3333333333	0	0	0	0.3333333333	0	0.3333333333	0.3333333333	0.3333333333
gb|NC_007907.1|-|4200836-4202015|ARO:3003726|vanSI	0.3333333333	0.6666666667	1	0	0	0	0.3333333333	0.6666666667	1	1	-0.3333333333
gb|NC_000913.3|-|484425-485619|ARO:3004043|Escherichia	0.3333333333	0	0.3333333333	0	0	0	0.3333333333	0	0.3333333333	0.3333333333	0.3333333333
gb|NC_000913.3|+|966620-968369|ARO:3003950|msbA	1.333333333	0.3333333333	1.666666667	0	0	0	1.333333333	0.3333333333	1.666666667	1.666666667	1
gb|AF300985|+|0-739|ARO:3001430|OXA-36	0.6666666667	0	0.6666666667	0	0	0	0.6666666667	0	0.6666666667	0.6666666667	0.6666666667
gb|HM990671|+|5192-6671|ARO:3003112|lsaC	0.3333333333	2.333333333	2.666666667	0.3333333333	0	0.3333333333	0.6666666667	2.333333333	3	2.333333333	-1.666666667
gb|AF133139|+|0-1176|ARO:3000174|tet(G)	0.3333333333	65	65.33333333	0	0	0	0.3333333333	65	65.33333333	65.33333333	-64.66666667
gb|AP009048|+|2165012-2166416|ARO:3000829|baeS	0.3333333333	1	1.333333333	0	0	0	0.3333333333	1	1.333333333	1.333333333	-0.6666666667
gb|NC_005076|+|4149-5628|ARO:3003111|lsaB	0.3333333333	2.333333333	2.666666667	0	0	0	0.3333333333	2.333333333	2.666666667	2.666666667	-2
gb|U00096|+|2812615-2814154|ARO:3000074|emrB	0.3333333333	0.3333333333	0.6666666667	0	0	0	0.3333333333	0.3333333333	0.6666666667	0.6666666667	0
gb|U00096|-|4567286-4568519|ARO:3001214|mdtM	0.3333333333	0.6666666667	1	0	0	0	0.3333333333	0.6666666667	1	1	-0.3333333333
gb|DQ516970|+|0-1987|ARO:3002882|lmrD	0.3333333333	0.3333333333	0.6666666667	0	0	0	0.3333333333	0.3333333333	0.6666666667	0.6666666667	0
gb|DQ212986|+|7787-9926|ARO:3002972|vanTG	0.3333333333	0	0.3333333333	0	0	0	0.3333333333	0	0.3333333333	0.3333333333	0.3333333333
gb|GG749185.1|+|116812-118003|ARO:3000309|emrD	0.3333333333	0	0.3333333333	0	0	0	0.3333333333	0	0.3333333333	0.3333333333	0.3333333333
gb|D16171|+|382-1042|ARO:3002689|plasmid-encoded	0.3333333333	0	0.3333333333	0	0	0	0.3333333333	0	0.3333333333	0.3333333333	0.3333333333
gb|KC693025|+|0-1626|ARO:3003749|salA	0.3333333333	0.3333333333	0.6666666667	0	0	0	0.3333333333	0.3333333333	0.6666666667	0.6666666667	0
gb|AF535087|+|28-1573|ARO:3003047|qacB	0.3333333333	0	0.3333333333	0	0	0	0.3333333333	0	0.3333333333	0.3333333333	0.3333333333
gb|HF953351|-|2461-3358|ARO:3002255|CARB-16	0.3333333333	1	1.333333333	0	0	0	0.3333333333	1	1.333333333	1.333333333	-0.6666666667
gb|U00096|+|2367070-2368039|ARO:3003578|pmrF	0.3333333333	0	0.3333333333	0	0	0	0.3333333333	0	0.3333333333	0.3333333333	0.3333333333
gb|JF949915|+|0-754|ARO:3001052|TEM-192	0.3333333333	0	0.3333333333	0	0	0	0.3333333333	0	0.3333333333	0.3333333333	0.3333333333
gb|AY661734.1|+|839-2195|ARO:3000026|mepA	0.3333333333	0	0.3333333333	0	0	0	0.3333333333	0	0.3333333333	0.3333333333	0.3333333333
gb|NC_003098.1|+|866210-867410|ARO:3000822|pmrA	0.3333333333	0	0.3333333333	0	0	0	0.3333333333	0	0.3333333333	0.3333333333	0.3333333333
gb|NC_002695|-|4903561-4904935|ARO:3000830|cpxA	0	0	0	0.3333333333	1.333333333	1.666666667	0.3333333333	1.333333333	1.666666667	-1.666666667	-1
gb|NC_003888|+|3968821-3969814|ARO:3002914|vanJ	0	0	0	0.3333333333	2	2.333333333	0.3333333333	2	2.333333333	-2.333333333	-1.666666667
gb|AJ272109|+|0-888|ARO:3000582|L1	0	1	1	0.3333333333	0.6666666667	1	0.3333333333	1.666666667	2	0	-1.333333333
gb|X59968|+|507-1686|ARO:3002690|cml	0	0.6666666667	0.6666666667	0	0.6666666667	0.6666666667	0	1.333333333	1.333333333	0	-1.333333333
gb|U38944.1|+|0-1536|ARO:3003037|opcM	0	0	0	0	0.6666666667	0.6666666667	0	0.6666666667	0.6666666667	-0.6666666667	-0.6666666667
gb|KF478993|+|1539-2580|ARO:3002913|vanO	0	0	0	2.333333333	2	4.333333333	2.333333333	2	4.333333333	-4.333333333	0.3333333333
gb|AB639410|+|0-1404|ARO:3003039|oprA	0	0	0	1	1.666666667	2.666666667	1	1.666666667	2.666666667	-2.666666667	-0.6666666667
gb|FJ666064|+|0-1194|ARO:3002498|PDC-2	0	0	0	0.6666666667	0.3333333333	1	0.6666666667	0.3333333333	1	-1	0.3333333333
gb|AJ223970|+|796-2050|ARO:3000463|gimA	0	0	0	0.3333333333	1	1.333333333	0.3333333333	1	1.333333333	-1.333333333	-0.6666666667
gb|X05648|+|381-1305|ARO:3002658|APH(6)-Ib	0	0	0	0.3333333333	0.3333333333	0.6666666667	0.3333333333	0.3333333333	0.6666666667	-0.6666666667	0
gb|U40487.1|+|170-1685|ARO:3003967|lrfA	0	0	0	0.3333333333	1	1.333333333	0.3333333333	1	1.333333333	-1.333333333	-0.6666666667
gb|KX531052.1|+|0-2655|ARO:3003992|rphB	0	0.3333333333	0.3333333333	0.3333333333	2	2.333333333	0.3333333333	2.333333333	2.666666667	-2	-2
gb|JQ340365|+|0-1434|ARO:3003583|basS	0	1	1	0	0.3333333333	0.3333333333	0	1.333333333	1.333333333	0.6666666667	-1.333333333
gb|M55426|+|465-1326|ARO:3002542|AAC(3)-VIIIa	0	0	0	0	0.3333333333	0.3333333333	0	0.3333333333	0.3333333333	-0.3333333333	-0.3333333333
gb|AY312416|+|0-1122|ARO:3004123|Burkholderia	0	0	0	0	0.3333333333	0.3333333333	0	0.3333333333	0.3333333333	-0.3333333333	-0.3333333333
gb|ACMJ01000036|-|72074-72986|ARO:3003072|Bacillus	0	0	0	0	0.3333333333	0.3333333333	0	0.3333333333	0.3333333333	-0.3333333333	-0.3333333333
gb|NC_006350.1|-|2150965-2152165|ARO:3002982|amrA	0	0	0	0	0.3333333333	0.3333333333	0	0.3333333333	0.3333333333	-0.3333333333	-0.3333333333
gb|AY154657.2|+|62-1223|ARO:3000601|Erm(38)	0	0	0	0	0.3333333333	0.3333333333	0	0.3333333333	0.3333333333	-0.3333333333	-0.3333333333
gb|DQ195535|+|0-1275|ARO:3000866|oleI	0	0	0	0	1	1	0	1	1	-1	-1
gb|U72743|+|385-1018|ARO:3002526|AAC(2')-Id	0	0	0	0	0.3333333333	0.3333333333	0	0.3333333333	0.3333333333	-0.3333333333	-0.3333333333
gb|AB028210|-|2710-3565|ARO:3002544|AAC(3)-Xa	0	0	0	0	0.3333333333	0.3333333333	0	0.3333333333	0.3333333333	-0.3333333333	-0.3333333333
gb|AB016934|+|7388-8381|ARO:3000449|FomB	0	0	0	0	1.333333333	1.333333333	0	1.333333333	1.333333333	-1.333333333	-1.333333333
gb|DQ185434|+|0-1257|ARO:3000462|mgtA	0	0	0	0	0.3333333333	0.3333333333	0	0.3333333333	0.3333333333	-0.3333333333	-0.3333333333
gb|NG_055644.1|+|100-709|ARO:3003725|vanXI	0	0	0	0	0.3333333333	0.3333333333	0	0.3333333333	0.3333333333	-0.3333333333	-0.3333333333
gb|DQ195536.2|+|0-1248|ARO:3000865|oleD	0	0	0	0	1.666666667	1.666666667	0	1.666666667	1.666666667	-1.666666667	-1.666666667
gb|AB008454|+|153-1290|ARO:3002493|SRT-1	0	0	0	0	0.3333333333	0.3333333333	0	0.3333333333	0.3333333333	-0.3333333333	-0.3333333333
gb|U97042|+|0-1218|ARO:3003009|ceoA	0	0	0	0.3333333333	2.333333333	2.666666667	0.3333333333	2.333333333	2.666666667	-2.666666667	-2
gb|AB765395|+|0-1143|ARO:3002993|AQU-1	0	0	0	0	0.3333333333	0.3333333333	0	0.3333333333	0.3333333333	-0.3333333333	-0.3333333333
gb|AFRQ01000061.1|-|22598-23990|ARO:3004142|OprZ	0	0.6666666667	0.6666666667	0.6666666667	1.333333333	2	0.6666666667	2	2.666666667	-1.333333333	-1.333333333
gb|U41471|+|264-852|ARO:3002524|AAC(2')-Ib	0	0	0	1	0.6666666667	1.666666667	1	0.6666666667	1.666666667	-1.666666667	0.3333333333
gb|DQ336355|+|602-1367|ARO:3002640|APH(3'')-Ic	0	0	0	0.3333333333	0	0.3333333333	0.3333333333	0	0.3333333333	-0.3333333333	0.3333333333
gb|EU408351|+|16572-17454|ARO:3002511|LRA-12	0	0	0	0.3333333333	0	0.3333333333	0.3333333333	0	0.3333333333	-0.3333333333	0.3333333333
gb|AB219524.1|+|22-1180|ARO:3003698|mexP	0	0	0	0.3333333333	0	0.3333333333	0.3333333333	0	0.3333333333	-0.3333333333	0.3333333333
gb|AF173226|+|2558-3755|ARO:3003051|smeA	0	0	0	0.3333333333	0	0.3333333333	0.3333333333	0	0.3333333333	-0.3333333333	0.3333333333
gb|FJ349556|+|1672-2785|ARO:3002939|vanSM	0	0	0	0.3333333333	0	0.3333333333	0.3333333333	0	0.3333333333	-0.3333333333	0.3333333333
gb|AJ295343|+|0-1173|ARO:3002518|OCH-5	0	0	0	0.3333333333	0	0.3333333333	0.3333333333	0	0.3333333333	-0.3333333333	0.3333333333
gb|AJ400619|+|33-834|ARO:3001424|OXA-29	0	0	0	0.3333333333	0	0.3333333333	0.3333333333	0	0.3333333333	-0.3333333333	0.3333333333
gb|M22999|+|492-1359|ARO:3002541|AAC(3)-VIIa	0	0	0	0.3333333333	0	0.3333333333	0.3333333333	0	0.3333333333	-0.3333333333	0.3333333333
gb|EU408346|-|4825-5713|ARO:3002482|LRA-1	0	0	0	0.3333333333	0.6666666667	1	0.3333333333	0.6666666667	1	-1	-0.3333333333
gb|AF155139|+|3396-4278|ARO:3002958|vanYF	0	0	0	0.3333333333	0.3333333333	0.6666666667	0.3333333333	0.3333333333	0.6666666667	-0.6666666667	0
gb|AY743590|+|0-1188|ARO:3000566|tet(39)	0	17	17	0	0	0	0	17	17	17	-17
gb|AJ878850|+|1196-1829|ARO:3003110|catB10	0	8	8	0	0	0	0	8	8	8	-8
gb|AB917040|+|736-1135|ARO:3003207|FosK	0	8.333333333	8.333333333	0	0	0	0	8.333333333	8.333333333	8.333333333	-8.333333333
gb|AY769962|+|2434-5611|ARO:3000781|adeJ	0	4.666666667	4.666666667	0	0	0	0	4.666666667	4.666666667	4.666666667	-4.666666667
gb|EU408357.1|-|52-1180|ARO:3002489|LRA-10	0	2.666666667	2.666666667	0	0	0	0	2.666666667	2.666666667	2.666666667	-2.666666667
gb|AJ605332|+|1303-1813|ARO:3003016|dfrA20	0	2.666666667	2.666666667	0	0	0	0	2.666666667	2.666666667	2.666666667	-2.666666667
gb|AF453998|+|3554-4946|ARO:3002598|ANT(3'')-Ii-AAC(6')-IId	0	2.333333333	2.333333333	0	0	0	0	2.333333333	2.333333333	2.333333333	-2.333333333
gb|A15097|+|382-1642|ARO:3000363|EreB	0	1.333333333	1.333333333	0	0	0	0	1.333333333	1.333333333	1.333333333	-1.333333333
gb|JX679208|+|0-900|ARO:3002377|VEB-8	0	1	1	0	0	0	0	1	1	1	-1
gb|EF540343|-|1463-3230|ARO:3000217|blaR1	0	1.333333333	1.333333333	0	0	0	0	1.333333333	1.333333333	1.333333333	-1.333333333
gb|EF136375|+|0-900|ARO:3002373|VEB-4	0	1.333333333	1.333333333	0	0	0	0	1.333333333	1.333333333	1.333333333	-1.333333333
gb|AF353562|-|0-1110|ARO:3000481|tet(35)	0	1	1	0	0	0	0	1	1	1	-1
gb|AM087405|+|1748-2582|ARO:3002622|aadA6/aadA10	0	2.666666667	2.666666667	0	0	0	0	2.666666667	2.666666667	2.666666667	-2.666666667
gb|EF420108|+|37-937|ARO:3002375|VEB-5	0	1.666666667	1.666666667	0	0	0	0	1.666666667	1.666666667	1.666666667	-1.666666667
gb|D13210|+|231-1098|ARO:3002250|CARB-12	0	0.6666666667	0.6666666667	0	0	0	0	0.6666666667	0.6666666667	0.6666666667	-0.6666666667
gb|AM403715|+|302-854|ARO:3002857|dfrA26	0	0.6666666667	0.6666666667	0	0	0	0	0.6666666667	0.6666666667	0.6666666667	-0.6666666667
gb|AJ584700|+|33-582|ARO:3002589|AAC(6')-Iid	0	0.6666666667	0.6666666667	0	0	0	0	0.6666666667	0.6666666667	0.6666666667	-0.6666666667
gb|AB080798|+|2658-3309|ARO:3002670|cat	0	0.3333333333	0.3333333333	0	0	0	0	0.3333333333	0.3333333333	0.3333333333	-0.3333333333
gb|AF099140|+|136-1363|ARO:3002826|EreA2	0	0.3333333333	0.3333333333	0	0	0	0	0.3333333333	0.3333333333	0.3333333333	-0.3333333333
gb|AJ243491|+|0-741|ARO:3002193|IMP-2	0	0.3333333333	0.3333333333	0	0	0	0	0.3333333333	0.3333333333	0.3333333333	-0.3333333333
gb|NC_007779|+|3974604-3975429|ARO:3000508|gadX	0	0.3333333333	0.3333333333	0	0	0	0	0.3333333333	0.3333333333	0.3333333333	-0.3333333333
gb|AF313471|+|1421-2288|ARO:3002240|CARB-1	0	0.3333333333	0.3333333333	0	0	0	0	0.3333333333	0.3333333333	0.3333333333	-0.3333333333
gb|U75299|+|0-717|ARO:3002671|cat-TC	0	0.3333333333	0.3333333333	0	0	0	0	0.3333333333	0.3333333333	0.3333333333	-0.3333333333
gb|X53650|+|320-1235|ARO:3003565|r39	0	0.6666666667	0.6666666667	0	0	0	0	0.6666666667	0.6666666667	0.6666666667	-0.6666666667
gb|AFRQ01000061.1|-|27130-28306|ARO:3004143|AxyX	0	0.3333333333	0.3333333333	0	0	0	0	0.3333333333	0.3333333333	0.3333333333	-0.3333333333
gb|AB261016|+|3068-3728|ARO:3002665|npmA	0	0.3333333333	0.3333333333	0	0	0	0	0.3333333333	0.3333333333	0.3333333333	-0.3333333333
gb|Z48231|+|220-763|ARO:3002898|SAT-3	0	1	1	0	0	0	0	1	1	1	-1
gb|APOM01000001.1|-|40253-41033|ARO:3004091|ANT(3'')-IIc	0	0.3333333333	0.3333333333	0	0	0	0	0.3333333333	0.3333333333	0.3333333333	-0.3333333333
gb|M28303|+|242-1187|ARO:3003564|EXO	0	0.3333333333	0.3333333333	0	0	0	0	0.3333333333	0.3333333333	0.3333333333	-0.3333333333
gb|NC_009641|-|1461588-1462248|ARO:3000838|arlR	0	0.6666666667	0.6666666667	0	0	0	0	0.6666666667	0.6666666667	0.6666666667	-0.6666666667
gb|U19459|+|66-705|ARO:3002841|vatB	0	0.3333333333	0.3333333333	0	0	0	0	0.3333333333	0.3333333333	0.3333333333	-0.3333333333
gb|NC_002516|+|476332-477790|ARO:3000379|OprM	0	0.3333333333	0.3333333333	0	0.6666666667	0.6666666667	0	1	1	-0.3333333333	-1
gb|DQ516954|+|0-1716|ARO:3002881|lmrC	0	1	1	0	0	0	0	1	1	1	-1
gb|AY264780|-|1824-3006|ARO:3000569|tet(41)	0	0	0	0	0.6666666667	0.6666666667	0	0.6666666667	0.6666666667	-0.6666666667	-0.6666666667
gb|NC_002516|+|2813193-2814612|ARO:3000805|OprN	0	0	0	0	0.3333333333	0.3333333333	0	0.3333333333	0.3333333333	-0.3333333333	-0.3333333333
gb|M19269|+|459-1419|ARO:3001304|ErmS	0	0	0	0	0.3333333333	0.3333333333	0	0.3333333333	0.3333333333	-0.3333333333	-0.3333333333
gb|L32599|+|1236-2439|ARO:3003006|blt	0	0.3333333333	0.3333333333	0	0	0	0	0.3333333333	0.3333333333	0.3333333333	-0.3333333333
gb|AF173226|-|1037-2441|ARO:3003067|smeS	0	0	0	0.3333333333	0	0.3333333333	0.3333333333	0	0.3333333333	-0.3333333333	0.3333333333
gb|KR057755.1|+|0-1116|ARO:3004349|PDC-86	0	0	0	0	0.3333333333	0.3333333333	0	0.3333333333	0.3333333333	-0.3333333333	-0.3333333333
gb|NC_003197|-|393892-397060|ARO:3000790|mdsB	0	0	0	0	0.6666666667	0.6666666667	0	0.6666666667	0.6666666667	-0.6666666667	-0.6666666667
gb|KX531046.1|+|0-864|ARO:3003982|LlmA	0	0.3333333333	0.3333333333	0	0	0	0	0.3333333333	0.3333333333	0.3333333333	-0.3333333333
gb|AM408573|-|10027-11077|ARO:3003441|cfrA	0	0.3333333333	0.3333333333	0	0	0	0	0.3333333333	0.3333333333	0.3333333333	-0.3333333333
gb|NC_002516.2|-|2503424-2503895|ARO:3004107|Pseudomonas	0	0	0	0	0.3333333333	0.3333333333	0	0.3333333333	0.3333333333	-0.3333333333	-0.3333333333
gb|NC_007795|-|1360280-1361636|ARO:3000839|arlS	0	1.333333333	1.333333333	0	0	0	0	1.333333333	1.333333333	1.333333333	-1.333333333
gb|CT025801.2|+|0-3180|ARO:3000777|adeF	0	0	0	0	0.3333333333	0.3333333333	0	0.3333333333	0.3333333333	-0.3333333333	-0.3333333333
gb|GQ150744|+|122-359|ARO:3003022|dfrB3	0	0	0	0.3333333333	0.3333333333	0.6666666667	0.3333333333	0.3333333333	0.6666666667	-0.6666666667	0
gb|AJ000283|+|619-1849|ARO:3000343|tap	0	0	0	0	1	1	0	1	1	-1	-1
gb|X06599|+|272-1193|ARO:3002877|BcI	0	0	0	0	0.3333333333	0.3333333333	0	0.3333333333	0.3333333333	-0.3333333333	-0.3333333333
gb|V00622|+|243-903|ARO:3002683|catI	0	0.3333333333	0.3333333333	0	0	0	0	0.3333333333	0.3333333333	0.3333333333	-0.3333333333
gb|AY234334|+|0-846|ARO:3000600|Erm(34)	0	0.3333333333	0.3333333333	0.3333333333	0	0.3333333333	0.3333333333	0.3333333333	0.6666666667	0	0
gb|HE650138|+|2186-2918|ARO:3003205|Erm(43)	0	0.6666666667	0.6666666667	0	0	0	0	0.6666666667	0.6666666667	0.6666666667	-0.6666666667
gb|L20573|+|297-1218|ARO:3002987|bcrA	0	0	0	0	0.3333333333	0.3333333333	0	0.3333333333	0.3333333333	-0.3333333333	-0.3333333333
gb|NC_013406.1|-|3931126-3932167|ARO:3003907|cipA	0	0	0	0	0.3333333333	0.3333333333	0	0.3333333333	0.3333333333	-0.3333333333	-0.3333333333
gb|DQ212986|+|2979-4086|ARO:3002937|vanSG	0	0.3333333333	0.3333333333	0	0	0	0	0.3333333333	0.3333333333	0.3333333333	-0.3333333333
gb|HQ845196|+|0-861|ARO:3001109|SHV-52	0	0	0	0	0.3333333333	0.3333333333	0	0.3333333333	0.3333333333	-0.3333333333	-0.3333333333
gb|GQ152601|+|0-1152|ARO:3002185|MOX-6	0	0	0	0	1.333333333	1.333333333	0	1.333333333	1.333333333	-1.333333333	-1.333333333
gb|NC_010410|-|3621491-3622283|ARO:3002601|aadA	0	0.3333333333	0.3333333333	0	0	0	0	0.3333333333	0.3333333333	0.3333333333	-0.3333333333
gb|AF173226|+|6913-8329|ARO:3003053|smeC	0	0	0	0	0.6666666667	0.6666666667	0	0.6666666667	0.6666666667	-0.6666666667	-0.6666666667
gb|M97297|+|10116-10601|ARO:3002962|vanZA	0	0	0	0	0.3333333333	0.3333333333	0	0.3333333333	0.3333333333	-0.3333333333	-0.3333333333
gb|AY139603|+|106-898|ARO:3002608|aadA8	0	0.3333333333	0.3333333333	0	0	0	0	0.3333333333	0.3333333333	0.3333333333	-0.3333333333
gb|M33768|+|194-1364|ARO:3003007|bmr	0	0.3333333333	0.3333333333	0	0	0	0	0.3333333333	0.3333333333	0.3333333333	-0.3333333333
gb|AJ295341|+|0-1173|ARO:3002516|OCH-3	0	0	0	0.3333333333	0	0.3333333333	0.3333333333	0	0.3333333333	-0.3333333333	0.3333333333
gb|EU408348|+|1243-2152|ARO:3002510|LRA-3	0	0	0	0.6666666667	0	0.6666666667	0.6666666667	0	0.6666666667	-0.6666666667	0.6666666667
gb|GG704579.1|-|34580-35269|ARO:3004089|ANT(3'')-IIa	0	1	1	0	0	0	0	1	1	1	-1
gb|K00544|+|0-663|ARO:3002672|cat86	0	0.6666666667	0.6666666667	0	0	0	0	0.6666666667	0.6666666667	0.6666666667	-0.6666666667
gb|L25634|+|1273-2158|ARO:3003562|blaF	0	0	0	0	0.3333333333	0.3333333333	0	0.3333333333	0.3333333333	-0.3333333333	-0.3333333333
gb|DQ212986|+|5984-7034|ARO:3002909|vanG	0	0.6666666667	0.6666666667	0	0	0	0	0.6666666667	0.6666666667	0.6666666667	-0.6666666667
gb|M97172|+|655-1465|ARO:3002534|AAC(3)-IIb	0	0.3333333333	0.3333333333	0	0	0	0	0.3333333333	0.3333333333	0.3333333333	-0.3333333333
gb|M97297|+|6979-8010|ARO:3000010|vanA	0	0	0	0.3333333333	0	0.3333333333	0.3333333333	0	0.3333333333	-0.3333333333	0.3333333333
gb|AB219523.1|+|21-1179|ARO:3003704|mexM	0	0	0	0.3333333333	0.3333333333	0.6666666667	0.3333333333	0.3333333333	0.6666666667	-0.6666666667	0
gb|NC_002516|+|4705955-4706402|ARO:3000806|mexG	0	1	1	0	0	0	0	1	1	1	-1
gb|AE004091.2|+|4120468-4121107|ARO:3003710|mexL	0	0.3333333333	0.3333333333	0	0	0	0	0.3333333333	0.3333333333	0.3333333333	-0.3333333333
gb|K00432|+|306-1113|ARO:3002649|APH(3')-Va	0	0	0	0	1	1	0	1	1	-1	-1
gb|NC_003112.2|+|329612-330767|ARO:3003961|farA	0	0	0	0	0.3333333333	0.3333333333	0	0.3333333333	0.3333333333	-0.3333333333	-0.3333333333
gb|AB015853|+|145-1315|ARO:3003034|mexX	0	0	0	0	0.3333333333	0.3333333333	0	0.3333333333	0.3333333333	-0.3333333333	-0.3333333333
gb|NC_000913.3|+|3219493-3220873|ARO:3000024|patA	0	0.6666666667	0.6666666667	0	1	1	0	1.666666667	1.666666667	-0.3333333333	-1.666666667
gb|NC_003197|-|397056-398262|ARO:3000789|mdsA	0	0	0	0.3333333333	0	0.3333333333	0.3333333333	0	0.3333333333	-0.3333333333	0.3333333333
gb|AF043381|+|251-863|ARO:3002580|AAC(6')-Ib9	0	0.3333333333	0.3333333333	0	0	0	0	0.3333333333	0.3333333333	0.3333333333	-0.3333333333
gb|AF527798|+|0-785|ARO:3000879|TEM-7	0	0	0	0.3333333333	0	0.3333333333	0.3333333333	0	0.3333333333	-0.3333333333	0.3333333333
gb|S46063|+|121-1036|ARO:3002242|CARB-3	0	0.3333333333	0.3333333333	0	0	0	0	0.3333333333	0.3333333333	0.3333333333	-0.3333333333
gb|NZ_CP007547.1|+|0-747|ARO:3000579|BlaB	0	0.3333333333	0.3333333333	0	0	0	0	0.3333333333	0.3333333333	0.3333333333	-0.3333333333
gb|NC_017349.1|-|35680-37678|ARO:3001209|mecC	0	0.3333333333	0.3333333333	0	0	0	0	0.3333333333	0.3333333333	0.3333333333	-0.3333333333
gb|AF079138|+|153-1122|ARO:3000598|Erm(31)	0	0.3333333333	0.3333333333	0	0	0	0	0.3333333333	0.3333333333	0.3333333333	-0.3333333333
gb|U14749|+|690-1557|ARO:3002243|CARB-4	0	1.333333333	1.333333333	0	0	0	0	1.333333333	1.333333333	1.333333333	-1.333333333
gb|HQ122933|+|0-822|ARO:3001695|OXA-134	0	0.3333333333	0.3333333333	0	0	0	0	0.3333333333	0.3333333333	0.3333333333	-0.3333333333
gb|AP009048|-|4303042-4304509|ARO:3003550|mdtP	0	0	0	0.3333333333	0	0.3333333333	0.3333333333	0	0.3333333333	-0.3333333333	0.3333333333
gb|U59450|+|396-1176|ARO:3002824|ErmV	0	0	0	0	0.6666666667	0.6666666667	0	0.6666666667	0.6666666667	-0.6666666667	-0.6666666667